ID;date;day;month;year;station;x;y;max_depth;transect;zone;Ts;Tf;pH;Ss;Sf;NO3;NH4;SiOH4;PO4;Si/N;N/P;Chla;Phaeo_a;n_diatom_total;Amphora_sp;Ardissonia_fulgens;Asterionellopsis_glacialis;Bacteriastrum_delicatulum;Cerataulina_pelagica;Chaetoceros_sp;Coscinodiscus_sp;Cyclotella_sp;Cylindrotheca_closterium;Dactyliosolen_fragilissimus;Ditylum_brightwelli;Donkinia_sp;Eucampia_sp;Gramatophora_marina;Guinardia_sp;Gyrosygma_sp;Haslea_wawrickae;Lauderia_annulata;Leptocylindrus_sp;Licmophora_sp;Mastogloia_sp;Melosira_arctica;Meuniera_membranacea;Minidiscus_sp;Navicula_sp;Nitzschia_sp;Paralia_sulcata;Pinnularia_sp;Pleurosigma_sp;Proboscia_sp;Pseudonitzschia_sp;Rhizosolenia_sp;Skeletonema_sp;Talassiosira_sp_large;Talassiosira_sp_small;Thalassionema_nitzschoides;Thalassiothrix_sp;n_dino_total;Akashiwo_sanguinea;Alexandrium_pseudogoniaulax;Amphidinium_crassum;Amphidoma_caudata;Amylax_triacantha;Cochlodinium_spp;Dinophysis_sp;Diplopsalis_sp;Gonyaulax_sp;Gymnodinium_sp_small;Gymnodinium_sp_large;Gyrodinium_sp;Heterocapsa_sp;Karenia_mikimotoi;Katodinium_glaucum;Lepidodinium_chlorophorum;Micracantodynium_claytonii;Neoceratium_sp;Noctiluca_scintillans;Oxytoxum_sp;Phalacroma_rotundatum;Prorocentrum_sp;Protoperidinium_sp;Pseliodinium_sp;Pyrocystis_noctiluca;Phyrophacus_horologicum;Scrippsiella_sp;Spatulodinium_sp;Torodinium_sp;Warnowia_polyphemus;n_nano_id;n_nano_nonid;n_nano_total;Cryptophyta;Prasinophyta;Primnesiophyta
6;02/05/2011;2;5;2011;b1;-4,37;48,19;20;b;H;13,8;13,7;8,11;34,4;34,4;1,94;0,25;0,89;0,11;0,458762887;17,63636364;2,8;0,9;857625;0;0;0;0;87920;710870;0;0;240;27630;0;0;0;0;120;0;240;0;8165;40;0;0;0;0;0;0;0;0;0;0;20480;1920;0;0;0;0;0;32520;0;0;320;0;40;0;320;0;0;29520;440;360;0;0;0;0;0;120;0;0;40;320;280;0;40;0;680;0;40;0;105532;529470;635002;57776;7536;35200
7;02/05/2011;2;5;2011;b2;-4,47;48,19;20;b;H;13,7;13,6;8,24;34,4;34,4;1,37;0,25;1,42;0,16;1,03649635;8,5625;3,6;0,5;341840;0;0;0;0;61620;167360;0;6000;150;56500;0;0;0;0;0;0;0;0;18890;0;0;0;0;0;0;0;0;0;0;0;28120;2600;0;600;0;0;0;46160;40;80;0;0;0;0;280;0;0;43960;240;40;0;0;0;0;0;120;0;0;0;560;160;0;0;0;640;0;0;40;112920;440170;553090;37680;50240;0
8;02/05/2011;2;5;2011;b3;-4,57;48,19;15;b;H;13,6;13,3;8,28;34,6;34,7;0,16;0,25;1,07;0,16;6,6875;1;3,1;1,3;422575;0;0;0;0;35170;151025;0;0;3000;32660;80;0;0;0;4530;0;0;0;95460;0;0;0;0;0;0;0;0;0;40;0;100290;280;0;40;0;0;0;29710;440;40;40;0;0;0;400;0;40;0;7580;7540;5040;0;0;0;0;80;40;0;0;360;760;0;0;0;7270;0;40;40;53860;90430;144290;32660;0;21200
9;02/05/2011;2;5;2011;b4;-5,03;48,2;50;b;H;13,2;12,7;8,32;34,6;34,9;2,26;0,25;1,78;0,26;0,787610619;8,692307692;2,2;0,9;416690;0;0;0;0;90430;107570;0;0;3770;31400;160;0;0;0;2510;0;0;0;48980;0;0;0;0;0;0;0;0;0;0;0;130510;960;0;160;0;200;0;12610;0;0;40;0;0;0;200;0;80;0;520;10050;80;0;0;0;0;160;0;40;0;120;320;0;80;0;880;0;0;40;50250;55260;105510;22610;0;20100
10;02/05/2011;2;5;2011;b5;-5,1;48,2;80;b;H;13,2;12,8;8,27;34,6;35;0,15;0,25;1,07;0,11;7,133333333;1,363636364;4,4;1,8;1349495;0;0;80;0;38940;693645;0;0;4900;48980;0;0;0;0;8790;0;790;0;77870;0;0;0;0;0;0;0;0;0;0;0;467850;3790;80;80;3700;0;0;42300;400;0;160;0;0;0;440;0;0;9400;0;20260;2490;0;0;0;40;200;120;40;40;320;1080;40;80;0;6950;0;0;240;103800;236710;340510;60290;3140;17580
11;02/05/2011;2;5;2011;b6;-5,15;48,2;90;b;H-F;13,6;11,8;8,17;34,6;35,2;0,15;0,25;1,07;0,08;7,133333333;1,875;3,3;1,3;910550;0;0;1300;0;110500;181510;0;0;2640;52750;0;0;0;0;50610;0;0;0;168300;0;0;0;0;0;0;0;0;0;0;0;328820;1560;0;0;12560;0;0;204570;3480;0;0;0;0;0;360;0;80;90380;0;47580;2500;0;0;0;0;160;40;0;0;1420;6870;40;0;160;51500;0;0;0;97640;323900;421540;72850;4300;12910
12;02/05/2011;2;5;2011;b7;-5,25;48,2;90;b;H-F;14,5;12,1;8,36;34,6;35,3;0,15;0,25;0,71;0,11;4,733333333;1,363636364;3;0,8;471100;0;0;0;0;153230;3990;0;0;8800;2000;40;0;0;0;160;0;0;0;150720;0;0;0;0;0;0;0;0;0;0;0;151100;880;100;0;0;80;0;159170;4110;5000;0;0;0;120;40;0;120;0;27630;116470;1500;0;0;0;0;120;100;0;0;640;2960;0;0;240;0;0;120;0;407780;161400;569180;374290;7540;15100
13;02/05/2011;2;5;2011;d1;-4,25;48,1;20;d;S;15,2;12;8,3;34,5;34,6;0,15;0,25;1,07;0,08;7,133333333;1,875;1,4;0,5;205970;0;0;0;0;14950;0;0;0;0;47100;0;0;0;0;200;0;0;0;91060;0;0;0;0;0;0;0;0;0;0;0;49140;3480;0;40;0;0;0;84580;960;0;37740;0;0;40;1250;80;0;21980;0;16160;100;0;0;0;0;1220;0;0;100;3830;440;0;160;0;520;0;0;0;190910;475000;665910;120580;52750;17580
14;02/05/2011;2;5;2011;d2;-4,37;48,1;30;d;H;13,5;13,2;8,23;34,7;34,7;2,58;0,28;3,02;0,11;1,170542636;23,45454545;2,5;2,9;918120;0;0;80;0;134390;363070;40;0;0;100480;0;0;0;0;1100;0;80;0;163280;0;0;0;0;0;0;200;0;0;0;0;152700;2100;0;480;120;0;0;27110;1590;0;1580;0;0;0;1420;0;0;15070;40;2890;1000;0;240;0;0;240;0;0;0;200;920;0;160;80;1600;0;40;40;65000;110530;175530;35170;6030;8800
15;02/05/2011;2;5;2011;d3;-4,47;48,1;45;d;H-F;14,1;12,9;8,24;34,7;34,8;0,15;0,25;1,42;0,08;9,466666667;1,875;3,6;1,8;1068410;0;0;1260;0;126860;519100;0;0;0;143180;0;0;0;0;400;0;120;0;148210;0;0;0;0;0;0;0;0;0;40;0;126870;2210;0;160;0;0;0;46470;520;0;40;0;0;80;1120;200;200;16780;2290;19440;0;0;80;0;0;680;40;40;0;600;2060;0;200;80;1900;0;80;40;42720;123540;166260;22610;15070;0
16;02/05/2011;2;5;2011;d4;-4,57;48,1;75;d;H-F;13,3;12,2;8,25;34,8;35,1;1,45;0,25;1,78;0,11;1,227586207;13,18181818;3,1;1,1;1149300;0;0;0;0;24190;428910;0;0;0;87920;40;0;0;0;1850;0;0;0;389360;0;0;0;0;0;0;0;0;0;40;0;211730;5060;0;120;40;0;0;27010;280;0;0;0;0;0;640;40;0;17580;0;1840;120;0;0;0;0;480;40;0;0;320;1360;0;0;120;4110;0;0;80;59470;32660;92130;27630;22600;7500
17;02/05/2011;2;5;2011;d5;-5,1;48,1;90;d;H-F;13,5;12,7;8,24;34,8;35;2,58;0,25;2,31;0,11;0,895348837;23,45454545;1,7;0,4;413540;0;0;0;0;25750;74260;0;0;3450;65310;0;0;0;10680;3840;0;0;0;143180;0;0;0;200;0;0;0;0;0;0;0;85130;1660;0;40;0;40;0;49740;80;0;0;0;0;0;160;0;120;17580;280;27790;0;0;0;0;0;120;0;80;40;360;480;0;0;120;2490;0;0;40;82940;165790;248730;55260;20100;7540
18;02/05/2011;2;5;2011;d6;-5,15;48,1;90;d;F;15;13;8,33;34,6;35;0,15;0,25;1,42;0,11;9,466666667;1,363636364;2,2;0,3;695000;0;0;0;0;17590;124350;0;0;1150;80380;0;0;0;0;0;0;0;0;266270;0;0;0;0;0;0;0;0;0;0;0;202260;3000;0;0;0;0;0;142650;1890;0;70;0;0;0;1300;80;280;0;3140;71530;6990;0;0;0;0;480;40;40;0;2210;4900;0;40;320;48980;0;160;200;353280;603930;957210;248690;85410;5210
19;04/07/2011;4;7;2011;b1;-4,37;48,19;20;b;H;16,5;16,2;7,9;35,1;35,1;0;0,28;0,89;0,16;8,9;0,625;1,6;0,6;442040;0;0;0;0;240;26800;80;0;5020;0;0;0;0;0;12220;40;80;0;331580;0;0;0;0;0;0;0;0;0;1200;120;63420;1040;0;0;0;120;0;136660;80;0;80;0;0;0;0;0;0;14350;1300;600;50210;0;0;62800;0;840;0;0;0;120;80;0;0;40;6000;0;0;160;207950;487800;695750;145700;43040;1000
20;04/07/2011;4;7;2011;b2;-4,47;48,19;20;b;H;15,8;15,7;7,94;35,2;35,2;0,16;0,25;1,07;0,16;6,6875;1;1,3;0,7;364880;0;0;0;0;240;100400;80;0;0;40;0;0;80;0;9240;0;80;0;157080;40;0;0;0;0;80;0;760;0;1080;120;92940;520;0;0;1900;0;40;29960;0;0;40;0;0;0;40;0;0;0;80;120;12560;0;0;15700;0;80;0;0;0;0;1100;0;0;0;120;0;0;120;55060;116200;171260;32280;10100;0
21;04/07/2011;4;7;2011;b3;-4,57;48,19;15;b;H;15,1;14,8;7,96;35,2;35,3;0,4;0,39;0,36;0,21;0,9;1,904761905;1,3;0,9;591450;0;0;0;0;480;43300;0;0;0;0;0;0;80;0;9980;0;120;0;214400;0;0;0;120;0;0;0;0;0;400;1520;318390;240;1100;0;1000;240;80;43340;200;0;600;0;0;0;160;0;0;0;0;16660;0;0;0;23240;0;800;80;1200;0;40;40;0;0;40;0;0;40;240;141120;211830;352950;91460;37660;5100
22;04/07/2011;4;7;2011;b4;-5,03;48,2;50;b;H-F;14,2;13,5;7,83;35,2;35,3;1,29;0,33;0,71;0,21;0,550387597;6,142857143;1,8;0,5;671320;0;0;0;0;840;4400;40;0;0;0;40;0;40;0;10390;0;0;0;308980;0;0;0;640;0;0;40;0;0;2240;520;337870;240;0;5000;0;0;40;231310;200;0;0;0;0;40;160;0;0;35170;0;157640;36540;0;0;0;0;1080;0;0;0;40;120;0;0;40;80;0;120;80;251010;158000;409010;213160;24370;0
23;04/07/2011;4;7;2011;b5;-5,1;48,2;80;b;F;15,1;13,3;7,8;35,2;35,4;1,13;0,28;0,89;0,21;0,787610619;5,380952381;2,1;0,5;591910;0;0;0;80;2840;28880;0;0;0;0;0;0;40;0;2650;0;40;0;309020;0;0;0;0;0;0;0;0;0;1160;480;237410;520;0;8790;0;0;0;111210;40;0;0;0;0;0;80;0;0;66030;0;520;44020;0;0;0;0;240;0;0;0;160;40;0;0;40;0;0;40;0;316190;124150;440340;213520;88000;0
24;04/07/2011;4;7;2011;b6;-5,15;48,2;90;b;S;16,9;13,2;7,96;35,3;35,2;0,14;0,25;0,25;0,16;1,785714286;0,875;3,2;0,8;1105560;0;0;720;0;0;75360;0;0;0;0;0;0;0;0;37230;0;0;0;520700;0;0;0;0;0;0;0;0;0;1680;640;462240;880;0;5830;0;0;280;57910;160;0;0;0;0;0;120;0;80;35170;0;1040;20100;0;0;0;0;680;0;0;0;80;160;0;0;80;160;0;0;80;203800;443840;647640;120580;70610;0
25;04/07/2011;4;7;2011;b7;-5,25;48,2;90;b;S;17,2;13,8;7,94;35,3;35,2;0,16;0,44;0,25;0,16;1,5625;1;0,2;0,2;9330;0;0;0;0;120;80;0;0;0;0;0;0;0;0;0;0;0;0;0;0;0;0;0;0;0;0;0;0;0;1760;7270;100;0;0;0;0;0;94860;200;0;0;0;0;0;40;0;0;0;69100;19480;5000;0;0;0;0;440;40;0;0;160;0;0;0;40;240;0;120;0;70420;1450000;1520420;45220;25200;0
26;04/07/2011;4;7;2011;d1;-4,25;48,1;20;d;S;17,1;15,2;8,14;35,2;35,2;0,14;0,25;0,36;0,16;2,571428571;0,875;0,9;0,5;334200;0;0;0;0;80;0;3200;0;1600;0;0;0;0;0;0;0;0;0;316510;0;40;0;0;0;0;0;0;0;80;3240;8150;1140;0;160;0;0;0;98390;0;0;3140;0;0;0;120;0;0;0;66020;2210;22610;0;0;0;0;800;120;0;0;160;200;0;40;40;2530;0;320;80;59630;227850;287480;54630;2500;0
27;04/07/2011;4;7;2011;d2;-4,37;48,1;30;d;S;16,6;14,4;8,21;35,3;35,3;0,14;0,25;0,28;0,16;2;0,875;0,7;0,6;604120;0;0;0;0;280;400;0;0;6280;0;0;0;0;0;640;0;0;0;484940;0;0;0;0;0;0;0;0;0;40;2250;105500;840;0;2550;0;400;0;157290;160;0;40;0;0;0;160;0;0;57940;15070;8980;16500;0;0;51500;0;1280;40;0;0;3460;200;0;0;120;1120;80;520;120;51900;372000;423900;20100;7500;11000
28;04/07/2011;4;7;2011;d3;-4,47;48,1;45;d;S;16,3;13,9;8,18;35,2;35,4;0,14;0,25;0,28;0,16;2;0,875;0,9;0,4;463980;0;0;0;0;360;140;0;0;160;0;0;0;0;0;1380;0;0;0;336690;0;0;0;0;0;0;0;0;0;80;2200;118480;640;0;40;3770;0;40;51710;40;0;790;0;0;0;560;0;0;11300;2360;3500;25100;0;0;0;0;600;40;0;0;3570;600;0;0;280;2530;0;0;440;39660;29800;69460;32660;0;5000
29;04/07/2011;4;7;2011;d4;-4,57;48,1;75;d;F;15,6;13,7;8,18;35,4;35,4;0,14;0,25;0,28;0,21;2;0,666666667;0,6;0,4;381480;0;0;0;0;200;61900;0;0;0;0;0;0;0;0;1100;0;0;0;192380;0;40;0;0;0;0;0;0;0;760;1600;107170;600;0;15130;0;80;520;53370;280;80;0;0;0;0;680;0;0;15100;1950;5780;20100;0;0;2530;0;2860;40;0;0;120;680;0;0;320;1450;0;200;1200;16360;387350;403710;12560;0;3800
30;04/07/2011;4;7;2011;d5;-5,1;48,1;90;d;H-F;13,7;12,8;8,19;35,4;35,3;0,89;0,25;0,28;0,21;0,314606742;4,238095238;3,6;0,9;783120;0;0;0;0;80;192940;0;0;40;0;0;0;960;0;11890;0;40;120;180730;0;0;0;0;0;0;0;0;0;1100;880;380570;360;0;12330;0;0;1080;54270;440;0;0;0;0;0;360;0;0;0;8490;1360;30140;0;0;9160;0;1080;40;0;0;120;1140;0;0;240;1420;0;120;160;93010;135910;228920;75360;15070;0
31;04/07/2011;4;7;2011;d6;-5,15;48,1;90;d;H-F;13,7;12,3;8,16;35,4;35,2;1,29;0,33;0,28;0,21;0,217054264;6,142857143;3,1;0,9;674350;0;0;0;0;80;54920;0;0;0;0;0;0;80;0;23510;0;0;0;258740;0;0;0;200;0;0;0;0;40;1240;760;321530;1310;0;11380;0;0;560;33820;240;0;80;0;0;0;160;0;0;20600;2210;2060;6870;0;0;0;0;280;0;40;0;80;800;0;0;0;240;0;0;160;88470;343400;431870;75650;12740;0
32;12/10/2011;12;10;2011;b1;-4,37;48,19;20;b;H;16,3;16,4;7,88;NA;NA;2,91;1,064;8,88;0,32;3,051546392;9,09375;1;0,7;26420;0;0;0;0;0;3760;0;0;40;160;0;0;40;0;1480;0;0;0;520;0;0;0;0;20100;0;0;0;0;0;0;40;40;0;160;0;80;0;43140;0;0;40;0;0;0;0;0;0;42700;200;80;0;0;0;0;0;0;0;0;0;0;0;0;0;0;80;0;0;40;153340;142400;295740;138160;2500;12560
33;12/10/2011;12;10;2011;b2;-4,47;48,19;20;b;H;16,2;16;7,88;NA;NA;2,74;0,952;8,17;0,53;2,981751825;5,169811321;0,9;0,6;17230;0;0;0;0;0;80;40;0;200;1900;0;0;40;0;4090;0;0;0;1800;0;0;0;0;8040;0;0;200;0;40;0;40;40;0;720;0;0;0;70760;0;0;80;40;0;40;0;40;0;12560;0;7600;50240;0;0;0;0;0;0;0;0;40;40;0;0;0;0;0;0;80;233750;253610;487360;190910;10100;32660
34;12/10/2011;12;10;2011;b3;-4,57;48,19;15;b;H;15,2;15,1;7,96;NA;NA;3,55;0,25;6,75;0,32;1,901408451;11,09375;0,8;0,45;8000;0;0;0;0;0;240;0;0;40;400;0;0;200;0;1880;0;0;80;80;0;0;0;0;5000;0;0;0;0;0;0;0;0;0;80;0;0;0;23450;120;0;0;0;0;0;40;0;0;0;80;22850;120;0;0;0;0;0;0;0;40;0;0;0;0;0;0;0;80;120;267870;472000;739870;215000;35170;17580
35;12/10/2011;12;10;2011;b4;-5,03;48,2;50;b;H;14,3;14,3;7,93;NA;NA;4,36;0,25;6,39;0,42;1,46559633;10,38095238;0,45;0,45;920;0;0;0;0;0;0;0;0;120;40;0;0;0;0;120;0;0;0;0;0;0;80;0;0;120;0;240;0;0;0;80;0;0;120;0;0;0;10340;80;0;0;0;0;0;40;0;0;0;80;7480;2500;0;0;0;0;0;0;0;0;0;0;0;0;0;0;0;80;80;140800;77870;218670;82900;12600;45220
36;12/10/2011;12;10;2011;b5;-5,1;48,2;80;b;F;14,9;14,4;7,83;NA;NA;3,71;0,25;5,68;0,32;1,530997305;11,59375;1,6;0,6;480;0;0;0;0;0;0;0;0;160;0;0;0;0;0;160;0;0;0;0;0;0;0;0;0;40;0;0;0;0;0;120;0;0;0;0;0;0;117390;0;0;0;40;0;0;0;0;0;42470;0;59460;15100;0;0;0;0;0;0;40;0;120;0;0;0;0;0;0;160;0;586165;520870;1107035;441715;42470;93440
37;12/10/2011;12;10;2011;b6;-5,15;48,2;90;b;S;15,1;13,8;7,94;NA;NA;3,23;0,25;4,97;0,32;1,53869969;10,09375;3,1;1;120;0;0;0;0;0;0;80;0;0;0;0;0;0;0;0;0;0;0;0;0;0;0;0;0;0;0;0;0;0;0;40;0;0;0;0;0;0;140170;0;0;0;0;0;0;0;0;0;62800;0;32700;35170;0;0;0;0;0;0;0;0;9500;0;0;0;0;0;0;0;0;1034940;1510000;2544940;813890;178350;42700
38;12/10/2011;12;10;2011;b7;-5,25;48,2;90;b;S;15,9;13,1;8,01;NA;NA;2,1;0,25;3,2;0,63;1,523809524;3,333333333;2;1;1900;0;0;0;0;0;0;0;0;0;0;0;0;0;0;0;0;0;0;0;0;0;0;0;0;0;0;0;0;0;0;1900;0;0;0;0;0;0;67990;0;0;0;0;0;0;0;0;0;45220;3140;7500;10000;0;0;0;0;0;0;0;0;1890;0;0;0;0;0;0;0;240;386950;1270000;1656950;291390;80380;15100
39;12/10/2011;12;10;2011;d1;-4,25;48,1;20;d;S;17,4;17,1;7,93;NA;NA;2,91;0,56;10,65;0,15;3,659793814;19,4;1,2;0,6;1560;0;0;0;0;0;0;200;0;0;0;0;0;0;0;80;0;0;80;160;0;0;0;0;0;0;0;0;0;40;160;120;0;600;40;0;80;0;33840;80;0;0;0;0;40;40;0;0;7500;40;20100;5000;0;160;0;0;440;40;0;0;0;160;0;0;40;0;0;0;200;221150;72850;294000;175840;27630;17600
40;12/10/2011;12;10;2011;d2;-4,37;48,1;30;d;H;16,7;16,6;7,88;NA;NA;3,23;0,67;8,52;0,32;2,637770898;10,09375;1,1;0,7;1080;0;0;0;0;0;640;0;0;120;0;0;0;0;40;0;0;0;0;0;0;0;0;0;0;0;0;160;40;0;80;0;0;0;0;0;0;0;20340;0;0;0;0;0;40;0;0;0;0;80;0;20100;0;0;0;0;0;0;0;40;0;0;0;0;0;0;0;0;80;165870;77870;243740;125600;15070;25200
41;12/10/2011;12;10;2011;d3;-4,47;48,1;45;d;H;16,4;15,6;7,95;NA;NA;3,55;0,62;6,75;0,15;1,901408451;23,66666667;1,2;0,45;800;0;0;0;0;0;440;0;0;0;0;0;20;20;0;160;0;0;0;0;0;20;0;0;0;0;0;0;0;0;20;0;0;80;20;20;0;0;5340;0;0;0;0;0;0;20;0;0;0;100;2520;2500;0;20;0;0;0;0;20;0;80;40;0;0;0;20;0;0;20;52750;15100;67850;47730;5000;0
42;12/10/2011;12;10;2011;d4;-4,57;48,1;75;d;H-F;16,25;14,9;7,99;NA;NA;2,26;0,25;4,97;8,93;2,199115044;0,253079507;2,2;0,8;120;0;0;0;0;0;0;0;0;40;0;0;0;0;0;80;0;0;0;0;0;0;0;0;0;0;0;0;0;0;0;0;0;0;0;0;0;0;86480;0;0;0;0;0;0;0;0;0;29890;120;24030;32280;0;0;0;0;0;0;40;0;0;0;0;0;0;120;0;0;0;442540;543960;986500;292900;107600;41840
43;12/10/2011;12;10;2011;d5;-5,1;48,1;90;d;H;15,3;14,8;7,98;NA;NA;5;0,25;7,1;0,21;1,42;23,80952381;0,7;0,6;2400;0;0;0;0;0;200;0;0;0;0;0;0;0;0;160;0;0;0;360;0;0;0;0;0;40;0;1040;0;80;80;40;240;0;80;40;40;0;8680;0;0;0;0;0;0;0;0;0;2000;0;3080;3600;0;0;0;0;0;0;0;0;0;0;0;0;0;0;0;0;0;67130;55530;122660;50480;11610;3540
44;12/10/2011;12;10;2011;d6;-5,15;48,1;90;d;H;15,8;14,3;7,92;NA;NA;4,68;0,25;6,75;0,15;1,442307692;31,2;1;0,5;200;0;0;0;0;0;0;0;0;0;40;0;0;0;0;0;0;0;0;0;0;0;0;0;0;80;0;0;0;0;0;0;0;0;40;40;0;0;3060;0;0;0;0;0;0;0;0;0;1500;20;1540;0;0;0;0;0;0;0;0;0;0;0;0;0;0;0;0;0;0;48020;15150;63170;33900;12600;0
45;02/05/2012;2;5;2012;b1;-4,37;48,19;20;b;S;12,2;12,8;7,76;32,2;34,1;16,14;0,34;14,56;0,14;0,902106568;115,2857143;6,1;1,5;442350;0;0;0;0;0;0;0;0;0;0;0;0;0;0;442230;0;0;0;0;0;0;0;0;0;0;0;0;0;0;0;0;120;0;0;0;0;0;560;0;0;0;0;0;0;0;80;40;0;0;0;0;120;0;0;0;40;0;0;0;0;0;0;40;0;240;0;0;0;133140;529470;662610;133140;0;0
46;02/05/2012;2;5;2012;b2;-4,47;48,19;20;b;S;12,1;12;7,97;33,7;34,8;4,36;0,25;6,39;0,14;5,273865415;31,14285714;7,9;1,8;316830;0;0;0;0;0;0;0;0;0;0;0;0;0;0;316670;0;0;0;0;0;0;0;0;0;0;0;0;0;120;0;0;40;0;0;0;0;0;1920;0;0;0;0;0;0;0;480;120;0;120;40;0;120;0;0;0;40;0;0;0;80;80;0;0;0;840;0;0;0;70340;440170;510510;70340;0;0
47;02/05/2012;2;5;2012;b3;-4,57;48,19;15;b;H;12,3;11,9;7,94;34,8;34,9;4,51;0,25;2,49;0,14;13,97590361;32,21428571;2,1;0,8;218780;0;0;0;0;0;0;0;0;0;0;0;0;0;0;218740;0;0;0;0;0;0;0;0;0;0;0;0;0;0;0;40;0;0;0;0;0;0;6280;0;40;0;0;0;0;80;0;80;2500;0;80;2500;360;0;0;0;0;0;0;0;40;80;0;0;0;520;0;0;0;130620;90430;221050;130620;0;0
48;02/05/2012;2;5;2012;b4;-5,03;48,2;50;b;H;12,3;11,7;7,97;34,7;35;0,16;0,25;2,13;0,14;16,29107981;1,142857143;1,1;0,45;223730;0;0;0;0;0;0;0;0;0;0;0;40;0;0;223570;0;0;0;0;0;0;0;0;0;0;0;0;0;40;0;0;80;0;0;0;0;0;8280;0;280;0;0;0;0;0;80;80;7600;40;0;0;120;0;0;0;0;0;0;0;40;0;0;0;0;40;0;0;0;85400;55260;140660;82900;2500;0
49;02/05/2012;2;5;2012;b5;-5,1;48,2;80;b;H;12;11,5;7,99;35;35,2;4,68;0,25;3,91;0,21;8,95140665;22,28571429;4,3;1;800;0;0;0;0;0;0;0;0;0;0;0;0;0;0;600;0;0;0;0;0;0;0;0;0;80;0;0;0;80;0;0;40;0;0;0;0;0;2620;0;40;0;0;0;0;0;80;0;2500;0;0;0;0;0;0;0;0;0;0;0;0;0;0;0;0;0;0;0;0;67800;236710;304510;62800;5000;0
50;02/05/2012;2;5;2012;b6;-5,15;48,2;90;b;H-F;12,1;11,3;8,02;35,1;35,1;3,23;0,25;4,26;0,21;8,23943662;15,38095238;2,1;1;40;0;0;0;0;0;0;40;0;0;0;0;0;0;0;0;0;0;0;0;0;0;0;0;0;0;0;0;0;0;0;0;0;0;0;0;0;0;27780;0;80;0;0;0;0;0;0;0;12600;0;0;15100;0;0;0;0;0;0;0;0;0;0;0;0;0;0;0;0;0;278810;323900;602710;253710;20100;0
51;02/05/2012;2;5;2012;b7;-5,25;48,2;90;b;H-F;11,9;11,3;8,03;35,1;35,2;5,97;0,25;4,26;0,14;8,23943662;42,64285714;2,7;1,2;28260;0;0;0;0;0;25100;40;0;0;0;0;0;0;0;80;0;0;0;0;0;0;0;0;0;40;0;0;0;0;0;3000;0;0;0;0;0;0;17620;0;0;0;0;0;0;0;0;0;17580;0;0;0;0;0;0;0;0;0;0;0;40;0;0;0;0;0;0;0;0;298930;161400;460330;266270;32660;0
52;02/05/2012;2;5;2012;d1;-4,25;48,1;20;d;H-S;12,4;11,8;7,99;34,8;35;0,14;0,25;1,78;0,14;12,71428571;1;0,9;0,45;65890;0;0;0;0;0;0;0;0;0;0;0;0;0;0;65570;0;0;0;0;0;0;0;0;0;0;0;0;0;0;160;0;160;0;0;0;0;0;8410;0;1100;0;0;0;0;0;1890;120;0;520;40;0;1760;0;0;0;40;0;0;0;0;360;0;40;40;2500;0;0;0;20100;0;20100;17600;2500;0
53;02/05/2012;2;5;2012;d2;-4,37;48,1;30;d;H-F;12,3;11,8;8,07;34,7;34,9;0,32;0,25;2,13;0,14;6,65625;2,285714286;3,9;0,8;237890;0;0;0;0;0;0;40;0;0;0;0;0;0;0;237730;0;0;0;0;0;0;0;0;0;0;0;0;0;0;40;40;40;0;0;0;0;0;14460;40;1740;40;0;40;280;120;120;320;7500;160;120;2500;240;0;0;0;240;0;0;0;80;360;0;240;80;240;0;0;0;52750;0;52750;52750;0;0
54;02/05/2012;2;5;2012;d3;-4,47;48,1;45;d;F;13,1;11,7;8,06;35,1;35;0,48;0,28;2,49;0,14;5,1875;3,428571429;2,5;0,5;115000;0;0;0;0;0;0;0;0;0;0;0;0;0;0;114920;0;0;0;0;0;0;0;0;0;0;0;0;0;0;0;80;0;0;0;0;0;0;16520;0;2530;0;0;0;0;0;0;200;12600;0;0;0;0;0;0;0;0;0;0;0;360;40;0;0;0;790;0;0;0;143210;10050;153260;135650;7560;0
55;02/05/2012;2;5;2012;d4;-4,57;48,1;75;d;H;12,6;11,5;7,92;35;35,1;2,91;0,25;3,55;0,21;1,219931271;13,85714286;1,2;0,5;2280;0;0;0;0;0;0;0;0;0;0;0;0;0;0;2080;0;0;0;0;0;0;0;0;0;0;0;0;0;40;0;160;0;0;0;0;0;0;600;0;0;0;0;0;0;0;0;40;0;0;0;0;0;0;0;0;0;0;0;0;0;40;0;0;0;520;0;0;0;115530;32700;148230;110530;5000;0
56;02/05/2012;2;5;2012;d5;-5,1;48,1;90;d;H;12,2;11,5;8,01;35,1;35;3,39;0,25;3,91;0,21;1,15339233;16,14285714;1,5;0,6;1160;0;0;0;0;0;0;0;0;0;0;0;0;0;0;1120;0;0;0;0;0;0;0;0;0;0;0;0;0;0;0;0;40;0;0;0;0;0;440;0;40;0;0;0;0;0;0;0;0;0;0;0;0;0;0;0;0;0;0;0;80;0;0;0;0;320;0;0;0;155760;9630;165390;150720;5000;0
57;02/05/2012;2;5;2012;d6;-5,15;48,1;90;d;H;12,1;11,3;7,99;35,1;35,2;4,68;0,25;4,26;0,21;0,91025641;22,28571429;1,6;0,7;0;0;0;0;0;0;0;0;0;0;0;0;0;0;0;0;0;0;0;0;0;0;0;0;0;0;0;0;0;0;0;0;0;0;0;0;0;0;7780;0;80;0;0;0;0;0;0;0;2500;0;0;5000;0;0;0;0;0;0;0;0;0;40;0;0;0;160;0;0;0;213520;123090;336610;193420;20100;0
58;10/07/2012;10;7;2012;b1;-4,37;48,19;20;b;F;15,6;15,3;NA;34,6;34,9;NA;NA;NA;NA;NA;NA;3,5;1,2;92940;0;0;0;0;0;3140;0;0;0;21980;0;0;0;0;19180;0;0;0;30770;0;0;0;0;0;0;40;0;80;240;560;16230;720;0;0;0;0;0;50170;0;6000;0;0;0;0;0;80;40;12700;80;40;27660;0;0;0;0;760;0;0;0;2370;80;120;0;0;200;40;0;0;177820;0;177820;170820;0;0
59;10/07/2012;10;7;2012;b2;-4,47;48,19;20;b;F;15,8;14,6;NA;34,9;35;NA;NA;NA;NA;NA;NA;2,5;0,9;59200;0;0;0;0;0;0;0;0;0;2510;40;0;0;0;12610;0;120;0;9420;0;0;0;0;8040;80;0;0;0;200;1680;23080;1300;0;80;0;40;0;17130;0;2340;0;0;0;40;280;800;0;7440;120;200;2500;0;0;0;0;360;0;0;0;2210;480;40;0;160;160;0;0;0;118930;0;118930;110530;900;5000
60;10/07/2012;10;7;2012;b3;-4,57;48,19;15;b;H;14,3;14,4;NA;35,2;35,2;NA;NA;NA;NA;NA;NA;2,1;0,9;98970;0;0;0;0;0;58850;0;0;0;5060;0;0;0;0;11540;0;0;0;12490;0;0;0;0;0;200;0;360;0;120;3480;5720;1150;0;0;0;0;0;44230;0;80;0;0;0;40;120;80;0;12600;480;520;25020;0;0;0;0;2610;0;0;0;1760;360;240;0;80;160;0;80;0;20100;124710;144810;20100;0;0
61;03/06/2013;3;6;2013;b1;-4,37;48,19;20;b;F-S;15,7;14,2;8,01;34,7;NA;0,16;NA;3,55;0,21;22,1875;0,761904762;0,7;0,3;18090;0;0;0;0;0;240;0;0;0;0;0;0;0;40;40;0;0;0;7030;40;0;0;0;0;0;0;0;0;0;0;6910;3790;0;0;0;0;0;2960;0;1260;0;0;0;0;40;0;80;0;1420;0;0;0;0;0;0;0;0;0;0;40;40;0;40;0;40;0;0;0;32660;4970;37630;32660;0;0
62;03/06/2013;3;6;2013;b2;-4,47;48,19;20;b;F-S;15,4;13,6;8;34,4;NA;0,16;NA;1,775;0,0525;11,09375;3,047619048;0,9;0,24;10650;0;0;0;0;0;0;0;0;0;0;0;0;0;0;1450;0;0;0;40;0;0;0;0;0;0;0;0;0;0;0;0;9160;0;0;0;0;0;18830;0;1080;0;0;0;0;40;40;0;14950;2200;240;0;0;0;0;0;0;0;0;0;80;120;0;40;0;40;0;0;0;40430;80380;120810;35420;4970;0
63;03/06/2013;3;6;2013;b3;-4,57;48,19;15;b;H-F;14,2;13,1;8,06;34,8;NA;0,16;NA;3,195;0,063;19,96875;2,53968254;1,7;0,6;116930;0;0;0;0;0;240;40;0;0;0;0;0;0;0;76030;0;0;0;0;0;0;0;0;0;0;40;0;0;0;0;30780;9800;0;0;0;0;0;33830;0;200;0;0;0;0;40;0;0;30220;680;40;2490;0;0;0;0;0;0;0;0;40;120;0;0;0;0;0;0;0;190750;75610;266360;185890;0;2530
64;03/06/2013;3;6;2013;b4;-5,03;48,2;50;b;H-F;12,7;12;7,96;34,8;NA;0,16;NA;4,615;0,1575;28,84375;1,015873016;1,1;0,6;7210;0;0;0;0;0;0;0;0;0;0;0;0;0;0;2950;0;0;0;0;0;0;0;0;0;0;40;0;0;0;0;4100;120;0;0;0;0;0;26800;0;80;0;0;0;0;0;0;0;24340;0;0;2300;0;0;0;0;0;0;0;0;0;40;0;0;0;40;0;0;0;87820;0;87820;87820;0;0
65;03/06/2013;3;6;2013;b5;-5,1;48,2;80;b;H-F;12,8;11,9;7,95;34,7;NA;0,16;NA;4,26;0,1155;26,625;1,385281385;0,9;0,3;12180;0;0;0;0;0;0;0;0;0;0;0;0;0;0;4420;0;0;0;0;0;0;0;0;0;0;0;0;0;0;0;7240;440;0;80;0;0;0;27670;0;40;0;0;0;0;40;80;0;24770;40;0;2500;0;0;0;0;0;0;0;0;0;120;0;0;0;80;0;0;0;138640;242090;380730;136140;0;0
66;03/06/2013;3;6;2013;b6;-5,15;48,2;90;b;H-F;13,1;12,3;7,96;34,6;NA;0,16;NA;4,26;0,168;26,625;0,952380952;0,8;0,3;18430;0;0;0;0;0;0;0;0;0;0;0;0;0;0;4400;0;0;0;0;0;0;0;0;0;0;0;0;0;0;0;12210;1820;0;0;0;0;0;50720;0;120;0;0;0;0;40;0;40;47750;120;0;2570;0;0;0;0;0;0;0;0;0;80;0;0;0;0;0;0;0;169830;296280;466110;151980;2750;0
67;03/06/2013;3;6;2013;b7;-5,25;48,2;90;b;H-F;13,9;12,3;7,98;35;NA;0,16;NA;4,26;0,126;26,625;1,26984127;0,9;0,4;78810;0;0;80;0;0;0;0;0;0;0;0;0;0;0;9420;0;0;0;0;0;0;0;0;0;0;0;0;0;0;0;41080;360;0;27870;0;0;0;77650;0;40;0;0;0;0;40;120;0;70340;40;0;6950;0;0;0;0;0;0;0;0;80;40;0;0;0;0;0;0;0;246460;449100;695560;211010;7660;2560
68;15/05/2013;15;5;2013;d1;-4,25;48,1;20;d;H-S;12,7;12,1;8,08;34,4;34,4;7,7472;0,25;2,485;0,084;0,320761049;92,22857143;3,3;0,9;280;0;0;0;0;0;0;0;0;0;0;0;0;0;0;0;0;0;0;0;0;0;0;0;0;0;0;0;0;0;0;0;280;0;0;0;0;0;53070;0;0;0;0;0;0;80;0;0;52750;0;0;0;0;0;0;0;160;0;0;0;40;0;0;0;0;40;0;0;0;3970700;0;3970700;25700;0;0
69;15/05/2013;15;5;2013;d2;-4,37;48,1;30;d;H-F;12;11,5;8,06;34,7;34,6;5,0034;0,25;1,77;0,126;0,353759444;39,70952381;3,6;1,4;103220;0;0;0;0;0;101740;0;0;0;0;0;0;0;0;80;0;0;0;0;0;0;0;0;0;0;0;280;0;0;0;0;1120;0;0;0;0;0;8160;0;280;0;0;0;0;0;40;40;7600;0;0;0;0;0;0;0;0;0;0;0;80;0;0;40;40;40;0;0;0;158120;0;158120;27510;0;2500
70;15/05/2013;15;5;2013;d3;-4,47;48,1;45;d;H;11,8;11,5;8,09;34,8;34,8;4,3578;0,25;1,77;0,147;0,40616825;29,64489796;3,6;1,5;211540;0;0;0;0;0;209860;0;0;120;0;0;80;0;0;360;0;0;0;0;0;0;0;0;0;0;0;240;0;40;0;0;840;0;0;0;0;0;3780;0;520;0;0;0;0;200;120;40;2500;0;0;0;0;0;0;0;0;0;0;0;0;280;0;40;0;80;0;0;0;113220;0;113220;35170;0;2500
71;15/05/2013;15;5;2013;d4;-4,57;48,1;75;d;H;10,9;10,9;8,05;35;35;5,1648;0,25;1,77;0,1365;0,342704461;37,83736264;1,6;0,7;15220;0;0;0;0;0;15020;0;0;0;0;0;40;0;40;120;0;0;0;0;0;0;0;0;0;0;0;0;0;0;0;0;0;0;0;0;0;0;10330;0;200;0;0;0;0;0;0;0;10050;0;0;0;0;0;0;0;0;0;0;0;0;40;0;40;0;0;0;0;0;50240;0;50240;30140;0;0
72;15/05/2013;15;5;2013;d5;-5,1;48,1;90;d;H;11;11;8,05;35,1;35,4;5,1648;0,25;1,77;0,231;0,342704461;22,35844156;1,2;0,7;71660;0;0;0;0;0;30230;0;0;0;0;0;0;0;0;520;0;0;0;0;0;0;0;0;0;0;40;200;0;120;0;0;360;22610;17580;0;0;0;8050;0;200;0;0;0;0;0;40;0;7690;0;0;0;0;0;0;0;0;0;0;0;0;120;0;0;0;0;0;0;0;98100;113040;211140;92940;5120;0
73;15/05/2013;15;5;2013;d6;-5,15;48,1;90;d;H-F;11,5;10,9;8,09;35,2;35,1;2,9052;0,25;1,77;0,0945;0,609252375;30,74285714;3,1;1;262150;0;0;0;0;0;98460;0;0;0;0;0;0;0;0;13180;0;0;0;0;0;0;0;0;0;0;0;240;0;0;0;5140;200;144930;0;0;0;0;18590;0;560;0;0;0;0;40;0;0;15100;120;40;2450;0;0;0;0;0;0;0;0;0;240;0;0;0;40;0;0;0;57780;540180;597960;57780;0;0
74;02/07/2013;2;7;2013;b1;-4,37;48,19;20;b;H-F+;15,3;15;7,75;36,7;36,9;1,4526;NA;4,26;0,0735;2,932672449;19,76326531;2,6;2,1;14270;0;0;0;0;0;13550;0;0;0;0;0;0;0;0;640;0;0;0;0;40;0;0;0;0;0;40;0;0;0;0;0;0;0;0;0;0;0;41650;0;80;80;0;0;0;1100;120;280;23620;200;640;7450;440;0;0;0;160;0;0;0;3840;0;0;0;120;3480;0;40;0;339130;38740;377870;271300;7500;0
75;02/07/2013;2;7;2013;b2;-4,47;48,19;20;b;H-F+;14,9;14,6;7,7;34,9;NA;1,1298;NA;3,55;0,04;3,142149053;28,245;2,1;0,9;680;0;0;0;0;0;0;0;0;0;0;0;0;0;0;360;0;0;0;0;0;0;0;0;0;0;0;0;0;0;0;320;0;0;0;0;0;0;14270;0;1260;0;0;0;0;40;0;240;7540;360;830;0;200;0;0;0;240;0;0;0;200;40;0;80;40;3200;0;0;0;770990;382850;1153840;736020;2260;0
76;02/07/2013;2;7;2013;b3;-4,57;48,19;15;b;H-F+;15,1;14,8;7,72;34,9;NA;0,4842;NA;3,55;0,084;7,331681124;5,764285714;1,7;0,9;80;0;0;0;0;0;0;0;0;0;0;0;0;0;0;80;0;0;0;0;0;0;0;0;0;0;0;0;0;0;0;0;0;0;0;0;0;0;38570;80;0;0;0;0;0;240;0;2690;7600;280;920;0;200;0;0;0;120;0;0;0;11580;200;0;80;40;14540;0;0;0;198420;133840;332260;190910;0;0
77;02/07/2013;2;7;2013;b4;-5,03;48,2;50;b;H;13,9;13,6;7,75;35,1;NA;3,228;NA;3,905;0,21;1,209727385;15,37142857;1,8;0,6;400;0;0;0;0;0;0;0;0;0;0;0;0;0;0;360;0;0;0;0;0;0;0;0;0;40;0;0;0;0;0;0;0;0;0;0;0;0;44280;0;3950;0;0;0;0;160;0;80;30150;80;120;5000;80;0;0;0;0;0;0;0;40;40;0;0;0;4580;0;0;0;356700;107600;464300;356700;0;0
78;02/07/2013;2;7;2013;b5;-5,1;48,2;80;b;H-F+;14;13,2;7,69;35,1;NA;2,5824;NA;3,905;0,1995;1,512159232;12,9443609;2,9;0,9;160;0;0;0;0;0;0;0;0;0;0;0;0;0;0;160;0;0;0;0;0;0;0;0;0;0;0;0;0;0;0;0;0;0;0;0;0;0;17990;0;1270;0;0;0;0;560;40;120;0;160;280;10540;160;0;0;0;120;0;0;0;240;40;0;0;40;4420;0;0;0;441000;151900;592900;394380;27630;0
79;02/07/2013;2;7;2013;b6;-5,15;48,2;90;b;H-F+;14,2;13,8;7,71;35;NA;2,7438;NA;3,905;0,189;1,423208689;14,51746032;2,8;1;200;0;0;0;0;0;0;0;0;0;0;0;0;0;0;200;0;0;0;0;0;0;0;0;0;0;0;0;0;0;0;0;0;0;0;0;0;0;17850;0;120;0;0;0;0;1110;80;80;0;120;40;2500;80;40;0;0;40;0;0;0;480;200;0;0;0;12960;0;0;0;688920;322790;1011710;527520;161400;0
80;05/07/2013;5;7;2013;d1;-4,25;48,1;20;d;S;16,9;17,1;7,81;NA;NA;0,1614;NA;2,485;0,0945;15,39653036;1,707936508;0,9;0,45;0;0;0;0;0;0;0;0;0;0;0;0;0;0;0;0;0;0;0;0;0;0;0;0;0;0;0;0;0;0;0;0;0;0;0;0;0;0;73570;80;120;950;0;0;80;7270;40;40;32660;1420;1500;14820;0;0;0;0;5890;0;0;0;4700;520;0;360;40;3080;0;0;0;5270;0;5270;5270;0;0
81;05/07/2013;5;7;2013;d2;-4,37;48,1;30;d;F;16;15;7,76;34,9;NA;0,16;NA;3,195;0,1785;19,96875;0,896358543;1,3;0,45;6320;0;0;0;0;0;0;0;0;5280;0;0;0;0;0;40;0;0;0;0;0;0;0;0;1000;0;0;0;0;0;0;0;0;0;0;0;0;0;77210;1750;1720;3260;0;0;80;670;0;0;40190;1050;15220;9270;80;0;0;0;320;0;0;0;1160;80;0;120;160;2000;80;0;0;80350;610420;690770;72850;5000;0
82;05/07/2013;5;7;2013;d3;-4,47;48,1;45;d;F;15,5;14,2;7,73;35;NA;0,16;NA;2,84;0,04;17,75;4;1;0,45;360;0;0;0;0;0;0;0;0;0;0;0;0;0;0;360;0;0;0;0;0;0;0;0;0;0;0;0;0;0;0;0;0;0;0;0;0;0;33700;280;280;40;0;0;120;1640;40;40;2500;2210;4870;15100;80;0;0;0;1840;0;0;0;1690;40;0;200;120;2530;80;0;0;47720;349690;397410;45220;0;0
83;05/07/2013;5;7;2013;d4;-4,57;48,1;75;d;H;14,5;14,3;7,68;35,2;NA;2,421;NA;3,905;0,1575;1,612969847;15,37142857;2,6;0,9;200;0;0;0;0;0;0;0;0;0;0;0;0;0;0;200;0;0;0;0;0;0;0;0;0;0;0;0;0;0;0;0;0;0;0;0;0;0;50860;0;8910;0;0;0;0;120;0;0;0;40;60;7600;320;0;0;0;40;0;0;0;1700;0;0;0;40;32030;0;0;0;399410;161400;560810;399410;0;0
84;05/07/2013;5;7;2013;d5;-5,1;48,1;90;d;H-F;14,4;13,9;7,71;34,9;NA;2,0982;NA;3,905;0,126;1,861119054;16,65238095;3,3;1,1;2060;0;0;0;0;0;0;40;0;0;0;0;0;0;0;1580;0;0;0;0;0;0;0;0;0;0;0;400;0;0;0;40;0;0;0;0;0;0;107580;0;16330;0;0;0;0;160;0;40;22560;40;1160;5000;840;0;0;0;0;0;0;0;23410;120;0;120;80;37680;0;0;40;401510;85400;486910;379310;12600;0
85;05/07/2013;5;7;2013;d6;-5,15;48,1;90;d;H-F;14,1;13,4;7,65;35;NA;2,7438;NA;4,26;0,1575;1,552591297;17,42095238;2,5;0,7;1000;0;0;0;0;0;0;0;0;0;0;0;0;0;0;1000;0;0;0;0;0;0;0;0;0;0;0;0;0;0;0;0;0;0;0;0;0;0;61380;80;1600;0;0;0;0;480;0;400;25100;80;5370;27630;200;0;0;0;0;0;80;0;80;200;0;0;80;0;0;0;0;409520;190350;599870;371780;30140;0
86;03/10/2013;3;10;2013;b1;-4,37;48,19;20;b;NA;NA;NA;7,69;NA;NA;2,2596;0,56;6,035;0,4095;2,670826695;5,517948718;2;0,8;24020;0;0;0;0;0;0;0;0;0;0;0;0;40;0;6080;0;0;0;0;0;0;0;120;0;0;0;0;0;240;800;3920;720;0;80;11900;120;0;15170;0;40;80;0;0;0;0;40;0;9800;40;40;4890;0;0;0;0;160;0;40;0;40;0;0;0;0;0;0;0;0;37700;118360;156060;37700;0;0
87;03/10/2013;3;10;2013;b2;-4,47;48,19;20;b;NA;NA;NA;7,79;NA;NA;2,7438;0,504;5,68;0,315;2,070121729;8,71047619;1,7;0,9;66300;0;0;0;0;0;120;0;0;0;0;0;40;40;1680;39640;0;200;40;0;160;0;0;40;0;0;0;360;40;640;1600;18210;2830;0;280;40;300;40;39020;0;0;600;0;0;40;40;160;0;9780;80;80;27600;0;0;0;0;320;0;80;0;80;80;0;0;40;0;0;0;40;76600;85410;162010;76600;0;0
88;01/10/2013;1;10;2013;b3;-4,57;48,19;15;b;F;16,3;15,7;8;NA;NA;0,6456;0,16;3,905;0,147;6,048636927;4,391836735;2,6;0,6;93250;0;0;0;0;0;2920;80;0;0;0;0;0;80;0;55820;0;0;0;0;0;0;0;1440;0;40;0;120;0;280;2140;24490;5760;0;80;0;0;0;17050;0;0;1900;0;0;0;0;160;0;6900;200;120;7250;0;0;0;0;200;40;0;40;0;0;0;0;200;0;0;0;40;59740;19175;78915;7000;0;1600
89;01/10/2013;1;10;2013;b4;-5,03;48,2;50;b;F;15,4;15;7,97;NA;NA;2,7438;0,16;3,905;0,21;1,423208689;13,06571429;2,7;0,6;24840;0;0;0;0;0;4420;0;0;0;0;0;0;40;0;6680;0;0;40;0;0;0;0;1040;0;0;0;280;0;160;160;11300;720;0;0;0;0;0;32870;0;0;0;0;0;0;0;40;0;9950;0;80;22600;0;0;0;0;80;0;0;0;0;0;0;0;40;0;0;40;40;25890;22710;48600;6980;0;5700
90;01/10/2013;1;10;2013;b5;-5,1;48,2;80;b;H-F+;14,7;14,9;8,02;NA;NA;4,5192;0,16;4,615;0,2415;1,021198442;18,71304348;1,9;0,7;9920;0;0;0;0;0;1720;0;0;0;0;0;0;0;0;5240;0;0;0;0;0;0;0;2440;0;0;0;40;0;0;200;160;80;0;0;0;40;0;13940;0;0;0;0;0;0;0;0;0;7580;0;160;5800;0;0;0;0;120;0;0;0;0;0;0;0;0;0;0;40;240;126260;58690;184950;100500;0;6200
91;01/10/2013;1;10;2013;b6;-5,15;48,2;90;b;F;15,9;16,2;8,04;NA;NA;2,421;0,16;2,84;0,1575;1,17306898;15,37142857;2,1;0,6;15480;0;0;0;0;0;4720;0;0;0;0;0;0;0;0;40;0;0;0;0;0;0;0;10600;0;0;0;0;0;0;0;0;120;0;0;0;0;0;67060;0;2000;0;0;0;0;40;0;0;42700;600;240;10300;0;9400;1300;0;120;0;40;0;0;80;0;0;0;0;0;40;200;209090;38350;247440;40190;2500;0
92;07/10/2013;7;10;2013;d2;-4,37;48,1;30;d;NA;17,2;NA;7,96;NA;NA;1,2912;0,168;6,39;0,1785;4,948884758;7,233613445;1,8;1,4;12370;0;0;0;0;0;0;0;0;0;0;0;0;0;0;640;0;0;0;0;0;0;0;0;0;160;40;80;0;240;3630;7380;160;0;40;0;0;0;43580;0;0;0;0;0;0;40;0;0;22600;280;5200;14900;0;0;0;0;0;0;0;0;40;120;0;0;40;120;0;160;80;80400;0;80400;77900;0;0
93;07/10/2013;7;10;2013;d3;-4,47;48,1;45;d;NA;16,4;NA;8,04;NA;NA;0,3228;0,16;1,77;0,084;5,483271375;3,842857143;3,9;0,9;241270;0;0;0;0;0;0;0;0;0;0;0;0;0;0;127420;0;0;0;0;0;0;0;280;0;80;0;0;0;600;1740;109270;1840;0;40;0;0;0;93840;0;80;0;0;0;80;40;0;0;30140;120;7640;55300;0;0;0;0;0;0;40;0;160;80;0;0;40;80;0;0;40;67810;896000;963810;65310;0;0
94;07/10/2013;7;10;2013;d4;-4,57;48,1;75;d;NA;17,4;NA;7,92;NA;NA;2,5824;0,392;3,195;0,231;1,23722119;11,17922078;1,8;0,45;15350;0;0;0;0;0;0;0;0;0;0;0;0;0;0;320;0;0;0;200;0;0;0;320;0;80;0;0;0;0;13590;800;40;0;0;0;0;0;10220;0;0;0;0;0;0;80;0;0;7600;40;0;2500;0;0;0;0;0;0;0;0;0;0;0;0;0;0;0;0;0;158260;872500;1030760;158260;0;0
95;28/04/15;28;4;2015;b1;-4,37;48,19;20;b;NA;13,1;12,8;8,25;34,7;34,9;0,3228;0,27;0,7;0,03;NA;NA;4,8;1,1;110300;0;0;0;0;0;280;0;0;0;0;0;0;0;0;105230;0;40;0;0;0;0;0;0;0;0;0;0;0;40;0;0;4710;0;0;0;0;0;62624;200;80;0;0;0;0;0;0;0;42704;16540;440;2500;0;0;0;0;80;0;0;0;40;0;0;0;0;40;0;0;0;271296;0;271296;105504;0;165792
96;28/04/15;28;4;2015;b2;-4,47;48,19;20;b;NA;12,6;12,6;8,13;34,9;35;0,3228;0,27;0,7;0,03;NA;NA;5;2,5;258063;0;0;0;0;0;0;0;0;0;0;0;0;0;0;255250;0;0;0;0;0;0;0;0;0;0;0;0;0;0;0;360;2453;0;0;0;0;0;17960;0;0;120;0;0;0;0;0;0;0;15100;120;2500;0;0;0;0;0;0;0;0;0;0;0;0;40;80;0;0;0;166384;0;166384;146184;7600;0
97;28/04/15;28;4;2015;b3;-4,57;48,19;15;b;NA;12,5;12,4;8,17;35,1;35;0,4842;0,27;0,7;0,03;NA;NA;2,6;1,6;197132;0;0;0;0;0;200;0;0;0;0;0;0;0;0;194052;0;0;0;0;0;0;0;0;0;0;0;0;0;0;0;80;2720;0;0;40;40;0;1200;0;160;160;0;0;0;0;0;0;0;360;200;0;0;0;0;0;0;0;0;0;80;40;0;0;80;80;0;0;0;258736;10200;268936;258736;0;0
98;28/04/15;28;4;2015;b4;-5,03;48,2;50;b;NA;12;11,9;8,12;35;35,2;2,421;0,672;0,7;0,1575;NA;NA;0,8;0,45;23824;0;0;0;0;0;0;40;0;0;0;0;0;0;0;23384;0;0;0;0;0;0;0;0;0;0;0;0;0;0;0;0;240;0;80;0;80;0;11620;0;40;0;0;0;0;0;0;0;8960;0;80;2500;0;0;0;0;0;0;0;0;0;40;0;0;0;0;0;0;0;115800;0;115800;85410;11550;0
99;28/04/15;28;4;2015;b5;-5,1;48,2;80;b;NA;12,1;11,9;8,14;34,9;35,1;2,2596;0,616;0,7;0,1365;NA;NA;2,4;0,5;107750;0;0;0;0;0;160;0;0;0;0;0;0;0;0;107390;0;0;0;0;0;0;0;0;0;0;0;0;0;40;0;0;120;0;0;0;40;0;30440;0;1050;0;0;0;0;0;0;40;17840;2370;1300;7280;120;0;0;0;80;0;0;0;0;40;0;0;200;80;0;0;40;175680;0;175680;102990;15100;12370
100;09/07/15;9;7;2015;b1;-4,37;48,19;20;b;NA;17,5;16,5;8,09;35;35;0,3228;1,008;1,76;0,063;NA;NA;2;0,8;27160;0;0;0;0;0;0;0;0;0;0;0;0;0;0;2840;0;0;40;16960;0;0;0;640;0;40;0;0;0;0;5410;0;0;0;0;950;160;0;97610;40;1200;40;0;0;0;520;0;80;15100;30770;240;45220;1300;0;0;0;640;0;40;0;600;80;0;0;40;160;0;40;0;218768;0;218768;148208;37800;32760
101;09/07/15;9;7;2015;b2;-4,47;48,19;20;b;NA;15;15,6;8,07;35,1;34,9;0,3228;0,27;1,76;0,03;NA;NA;1,3;0,45;15880;0;0;0;0;0;0;0;0;0;0;0;0;0;0;2280;0;0;0;40;0;0;0;160;0;0;0;400;0;0;12960;40;0;0;0;0;0;0;102383;0;240;0;0;0;0;640;0;0;74490;5690;3200;12415;4108;0;0;0;840;0;0;0;320;200;0;0;120;0;0;120;0;63102;62075;125177;52752;10350;0
102;09/07/15;9;7;2015;b3;-4,57;48,19;15;b;NA;15;15;8,13;35,2;35,6;0,807;0,27;1,76;0,1785;NA;NA;1,9;0,7;66030;0;0;0;0;0;7280;0;0;0;0;0;0;0;0;11600;0;120;0;24490;0;0;0;960;0;0;0;240;0;80;20860;80;160;0;0;40;0;0;54544;0;320;2000;0;0;0;160;0;120;0;36584;360;0;12960;0;0;0;1320;0;0;0;320;80;0;0;40;160;0;40;40;59790;9000;68790;52750;2500;0
103;09/07/15;9;7;2015;b4;-5,03;48,2;50;b;NA;14,4;14,9;8,09;35,1;35,4;1,9368;0,27;1,76;1,785;NA;NA;3,4;0,6;33032;0;0;0;0;0;0;0;0;0;0;0;40;0;0;17104;0;0;0;720;0;0;0;1040;0;0;0;360;0;80;10428;2000;0;0;0;1260;0;0;63356;40;400;0;0;0;0;480;0;0;0;8830;950;2500;48356;0;0;0;960;0;0;0;360;160;0;0;0;320;0;0;0;32644;0;32644;30144;0;0
104;09/07/15;9;7;2015;b5;-5,1;48,2;80;b;NA;16,2;14;8,16;35,3;35,1;0,3228;0,27;1,76;0,0525;NA;NA;3,3;0,6;171668;40;0;0;0;0;1080;0;0;0;0;0;0;0;0;10824;0;0;0;104450;0;0;0;1160;0;40;0;280;0;0;40764;12050;40;0;0;900;0;0;172678;200;40;0;0;0;0;2000;0;0;27700;72332;2840;26750;32656;0;0;0;4960;0;40;0;360;120;0;0;240;2200;0;120;120;113040;230566;343606;113040;0;0
105;09/07/15;9;7;2015;b6;-5,15;48,2;90;b;NA;16,1;14,4;8,11;35,3;35;0,3228;0,27;1,76;0,063;NA;NA;3;0,7;62008;0;0;0;0;0;240;0;0;0;0;0;0;0;0;6340;0;0;0;25912;0;0;0;1240;0;0;0;120;0;40;27516;480;0;0;0;80;0;0;110924;0;200;80;0;0;0;240;0;0;0;66564;1740;14034;23236;0;0;0;2760;0;40;0;360;40;0;0;0;790;0;320;440;149736;0;149736;51496;0;98240
106;09/07/15;9;7;2015;b7;-5,25;48,2;90;b;NA;16,3;13,7;8,21;35,1;34,8;0,15;0,27;1,76;0,1785;NA;NA;21,3;2,1;8140;0;0;0;0;0;0;0;0;0;0;0;0;0;0;0;0;0;0;4740;0;0;0;0;0;160;0;0;0;0;240;3160;0;0;0;0;0;0;71430;0;0;0;0;0;0;0;0;0;17580;4110;560;0;48980;0;0;0;40;0;0;0;40;0;0;0;0;120;0;0;0;9440;188400;197840;6900;0;2500
107;09/07/15;9;7;2015;d1;-4,25;48,1;20;d;NA;19,3;NA;NA;34,7;NA;0,3228;0,27;1,76;0,03;NA;NA;0,5;0,45;14460;0;0;0;0;0;0;0;0;0;0;0;0;0;0;0;0;0;0;0;0;0;0;360;0;0;0;0;0;0;14220;40;0;0;0;0;0;0;64520;0;80;80;0;0;0;400;0;120;35170;19550;440;5000;0;0;0;0;1960;0;40;0;760;440;0;0;0;40;0;120;0;10000;0;10000;0;0;5000
108;09/07/15;9;7;2015;d2;-4,37;48,1;30;d;NA;17,3;NA;NA;34,7;NA;0,1614;NA;2,84;0,03;NA;NA;0,9;0,45;9564;0;0;0;0;0;0;0;0;0;0;0;0;0;0;0;0;0;0;0;0;0;0;320;0;80;0;0;0;0;9164;40;0;0;0;0;0;0;13810;0;40;0;0;0;0;200;0;40;970;6910;160;2500;590;0;0;0;1280;0;0;0;680;240;0;0;0;200;0;0;0;22400;0;22400;14900;2500;2500
109;09/07/15;9;7;2015;d3;-4,47;48,1;45;d;NA;16,8;NA;NA;34,6;NA;0,1614;NA;1,76;0,0525;NA;NA;1,7;0,45;37420;0;0;0;0;0;0;0;0;0;0;0;0;0;0;1640;0;0;0;21950;0;0;0;1040;0;40;0;0;0;0;13270;0;40;0;0;0;40;0;44050;0;640;0;0;0;0;240;0;40;10300;880;40;27630;400;0;0;0;2480;0;40;0;400;200;0;0;80;440;0;40;0;92932;103754;196686;90432;2500;0
110;09/07/15;9;7;2015;d4;-4,57;48,1;75;d;NA;14,8;14,6;NA;34,9;34,8;0,807;NA;1,76;0,126;NA;NA;4,2;0,7;30260;0;0;0;0;0;0;0;0;0;0;0;40;0;0;7200;0;0;0;0;0;0;0;160;0;0;0;0;0;0;18960;2900;80;0;0;0;0;0;116982;0;0;80;0;0;0;0;0;40;0;94202;1420;0;11300;0;0;0;6420;0;0;0;440;80;0;0;40;2840;0;80;0;191056;35000;226056;158256;20100;2500
111;09/07/15;9;7;2015;d5;-5,1;48,1;90;d;NA;16,9;14;NA;34,7;34,7;1,1298;NA;1,76;0,0735;NA;NA;2,2;0,45;10500;0;0;0;0;0;0;0;0;0;0;0;0;0;0;640;0;0;0;0;0;0;0;5160;0;0;0;280;0;0;9420;0;0;0;0;0;0;0;92510;0;240;0;0;0;0;120;0;0;52760;25790;400;5000;4740;0;0;0;2420;0;0;0;200;0;0;0;40;640;0;40;0;55140;0;55140;30140;5000;10000
112;09/07/15;9;7;2015;d6;-5,15;48,1;90;d;NA;14,1;12,9;7,91;34,8;34,7;1,2912;0,27;1,76;0,1365;NA;NA;4,1;0,8;37008;0;0;0;0;0;360;0;0;0;0;0;0;0;0;13156;0;0;0;0;0;0;0;0;0;0;0;0;0;0;18012;120;80;0;0;0;0;0;116576;0;120;0;0;0;0;320;0;0;0;81664;2500;5000;24492;0;0;0;1880;0;0;0;160;80;0;0;160;160;0;40;0;83988;0;83988;60288;0;10600
113;09/10/15;9;10;2015;b1;-4,37;48,19;20;b;NA;15,2;15,2;8,03;35;34,9;0,9684;0,55;6,035;0,2835;NA;NA;2,5;1,4;391931;0;0;0;0;0;0;0;0;0;0;0;0;0;0;6950;0;0;0;0;0;0;0;0;0;0;0;280;0;80;0;200;200;0;120;0;360;0;38182;0;120;0;0;0;0;0;0;0;27632;0;0;10070;0;0;0;0;0;0;0;0;200;0;0;0;0;120;0;0;0;140774;20150;160924;123088;12686;0
114;09/10/15;9;10;2015;b2;-4,47;48,19;20;b;NA;15,3;15,3;8,01;35;35,1;1,2912;0,56;5,68;0,2625;NA;NA;1,7;1,1;158892;0;0;0;0;0;0;0;0;0;0;0;0;0;0;1400;0;0;0;0;0;0;0;0;0;200;0;360;0;40;0;40;160;0;120;0;160;0;320;0;200;0;0;0;0;0;0;0;0;0;0;0;0;0;0;0;0;0;0;0;0;40;0;0;40;40;0;0;0;87880;0;87880;80380;5000;2500
115;09/10/15;9;10;2015;b3;-4,57;48,19;15;b;NA;15,6;15,5;8,04;35,1;35,2;2,5824;0,56;5,325;0,357;NA;NA;0,8;0,7;11780;0;0;0;0;0;40;0;0;0;0;0;80;0;0;3920;0;0;0;0;0;0;0;0;0;0;0;1120;0;40;0;0;40;0;130;0;120;0;10190;0;40;0;0;0;0;40;0;0;9950;0;160;0;0;0;0;0;0;0;0;0;0;0;0;0;0;0;0;0;0;47850;0;47850;47730;0;0
116;09/10/15;9;10;2015;b4;-5,03;48,2;50;b;NA;16,3;15,7;8,02;34,9;35,1;1,4526;0,55;4,26;0,1365;NA;NA;0,45;0,45;2370;0;0;0;0;0;80;40;0;0;0;0;40;0;0;360;0;0;0;0;0;0;0;0;0;80;0;240;0;0;0;930;0;0;40;0;40;0;23320;0;0;0;0;0;0;40;0;0;20100;120;160;2500;0;0;0;0;80;0;0;0;0;0;0;0;80;0;0;40;40;130678;0;130678;67824;7550;55264
117;09/10/15;9;10;2015;b5;-5,1;48,2;80;b;NA;15,9;15,5;8,07;35,1;34,9;1,1298;0,55;4,26;0,1365;NA;NA;0,7;0,45;4020;0;0;0;0;0;0;0;0;0;0;0;0;0;0;1640;0;0;0;0;0;0;0;0;0;40;0;760;0;40;0;40;0;0;80;0;120;0;7740;0;0;0;0;0;0;0;0;0;7500;40;0;0;0;0;0;0;0;0;0;0;40;0;0;0;0;40;0;120;0;90824;43620;134444;80384;9960;0
118;09/10/15;9;10;2015;b6;-5,15;48,2;90;b;NA;15,3;13,8;8,04;35,1;35,1;0,807;0,55;3,905;0,0945;NA;NA;1,6;0,45;160;0;0;0;0;0;0;0;0;0;0;0;0;0;0;0;0;0;0;0;0;0;0;0;0;0;0;0;0;0;0;0;0;0;0;0;0;0;21354;0;40;0;0;0;0;0;0;0;10450;5024;40;0;0;0;0;0;0;0;80;0;5600;0;0;0;0;0;0;120;0;413448;73781;487229;266272;72888;0
119;09/10/15;9;10;2015;b7;-5,25;48,2;90;b;NA;15;13,4;8,03;35;35;1,2912;0,55;4,26;0,1575;NA;NA;1,2;0,45;440;0;0;0;0;0;80;0;0;0;0;0;0;0;0;80;0;0;0;0;0;0;0;0;0;80;0;0;0;0;0;0;0;0;40;0;40;0;24470;0;0;0;0;0;0;0;0;0;23910;200;280;0;0;0;0;0;0;0;0;0;0;0;0;0;0;0;0;40;0;924717;0;924717;637711;59776;227150
120;09/10/15;9;10;2015;d1;-4,25;48,1;20;d;NA;15,9;NA;7,53;34,8;NA;0,3228;NA;7,1;0,2835;NA;NA;4,8;1;346944;0;0;0;0;0;280;0;0;0;0;0;0;0;0;400;0;0;0;0;0;0;0;0;0;0;0;520;0;40;120;240;80;0;0;0;600;0;69714;0;120;40;0;0;0;80;0;0;47730;400;80;17584;0;0;0;0;240;0;0;0;2240;440;0;0;40;480;0;40;160;272760;0;272760;123090;20350;64560
121;09/10/15;9;10;2015;d2;-4,37;48,1;30;d;NA;15,8;NA;7,66;34,7;NA;2,421;NA;5,68;0,294;NA;NA;1,2;0,45;23360;0;0;0;0;0;0;0;0;0;0;0;40;0;0;2640;0;0;0;160;0;0;0;0;0;320;0;0;0;40;0;760;80;0;0;0;120;0;18050;0;40;0;0;0;0;40;0;0;9790;200;0;7540;0;0;0;0;40;0;0;0;40;0;0;0;0;40;0;80;0;228582;0;228582;178352;47730;0
122;09/10/15;9;10;2015;d3;-4,47;48,1;45;d;NA;15,8;15,5;7,7;34,8;34,8;2,5824;NA;5,68;0,294;NA;NA;2,1;0,6;42336;0;0;0;0;0;0;0;0;0;0;0;0;0;0;2120;0;0;0;0;0;0;0;0;0;0;0;0;0;0;0;280;0;0;0;0;0;0;58079;0;760;0;0;0;0;40;0;0;15370;120;200;40989;0;0;0;0;200;0;40;0;80;0;0;0;40;120;0;120;0;758404;0;758404;512368;210070;17923
123;09/10/15;9;10;2015;d4;-4,57;48,1;75;d;NA;16,3;16;7,73;34,8;34,6;2,2596;NA;4,615;0,1785;NA;NA;0,9;0,45;7224;0;0;0;0;0;0;0;0;0;0;0;40;0;0;2160;0;0;0;0;0;0;0;0;0;0;0;0;0;40;0;320;0;0;0;0;80;0;10440;0;0;0;0;0;0;0;0;0;7660;0;80;2460;0;0;0;0;0;0;40;0;40;40;0;0;40;40;0;0;0;165540;0;165540;135650;29890;0
124;09/10/15;9;10;2015;d5;-5,1;48,1;90;d;NA;16;14,3;7,76;34,7;34,2;2,2596;NA;4,615;0,189;NA;NA;1;0,45;1640;0;0;0;0;0;0;0;0;0;0;0;0;0;0;520;0;0;0;480;0;0;0;0;0;0;0;0;0;0;0;0;0;0;0;0;160;0;23128;0;0;0;0;0;0;0;0;0;22608;80;80;0;0;0;0;0;40;0;0;0;40;0;0;0;0;40;0;80;0;7540;0;7540;2500;5000;0
125;09/10/15;9;10;2015;d6;-5,15;48,1;90;d;NA;15,9;14;7,85;34,8;34,5;1,9368;NA;4,26;4,305;NA;NA;1,3;0,45;2649;0;0;0;0;0;0;0;0;0;0;0;0;0;0;1185;0;0;0;0;0;0;0;0;0;40;0;0;0;0;40;0;0;0;0;0;80;0;24432;0;40;0;0;0;0;0;0;0;24232;40;0;0;0;0;0;0;40;0;40;0;0;0;0;0;0;0;0;40;0;231144;445230;676374;170816;60288;0